Region,Premature Death,Poor or fair health,Teen births,Children in poverty,Primary care physicians
West,5835005.0,123.548,32998.5,190.40800000000002,53260.0
Northeast,2705213.0,58.922000000000004,10396.3,82.292,32256.0
Midwest,14116369.0,258.051,70189.6,415.5,110865.0
South,25390680.0,499.57200000000006,151751.69999999998,818.11,131766.0
